{"cameraMode":{"drawMode":0,"name":"Shaded","section":"Shading Mode"},"sceneLighting":true,"audioPlay":false,"sceneViewState":{"showFog":true,"showMaterialUpdate":true,"showSkybox":true,"showFlares":true,"showImageEffects":true,"showParticleSystems":true},"in2DMode":false,"pivot":{"x":0.3726029098033905,"y":1.4357311725616456,"z":-0.20919835567474366},"rotation":{"x":-0.002330351620912552,"y":-0.9967253804206848,"z":0.03121822513639927,"w":-0.07478862255811691},"size":1.4248385429382325,"orthographic":false}