{"cameraMode":{"drawMode":0,"name":"Shaded","section":"Shading Mode"},"sceneLighting":true,"audioPlay":false,"sceneViewState":{"showFog":true,"showMaterialUpdate":false,"showSkybox":true,"showFlares":true,"showImageEffects":true,"showParticleSystems":true},"in2DMode":false,"pivot":{"x":13.157800674438477,"y":-0.007165753748267889,"z":-31.622278213500978},"rotation":{"x":-0.20887616276741029,"y":-0.06009122356772423,"z":0.01286888588219881,"w":-0.9760398864746094},"size":7.310279846191406,"orthographic":false}