{"cameraMode":{"drawMode":0,"name":"Shaded","section":"Shading Mode"},"sceneLighting":true,"audioPlay":false,"sceneViewState":{"showFog":true,"showMaterialUpdate":true,"showSkybox":true,"showFlares":true,"showImageEffects":true,"showParticleSystems":true},"in2DMode":false,"pivot":{"x":-8.420085906982422,"y":-0.5767096877098084,"z":4.880916595458984},"rotation":{"x":0.13316823542118073,"y":-0.5589072704315186,"z":0.09156924486160279,"w":0.8134393095970154},"size":7.842648029327393,"orthographic":false}